"","segment_id","rate_of_penetration"
"1","wellbore_chev_no_14_665",3.36870927922639
"2","wellbore_chev_no_14_681",4.45721145583723
"3","wellbore_chev_no_14_682",4.44963031641372
"4","wellbore_chev_no_14_683",4.41394855083597
"5","wellbore_chev_no_14_684",4.31877825962059
"6","wellbore_chev_no_14_685",4.21785958089072
"7","wellbore_chev_no_14_686",4.23155025652223
"8","wellbore_chev_no_14_687",4.16600234179691
"9","wellbore_chev_no_14_688",4.17373231734775
"10","wellbore_chev_no_14_689",4.19091620485936
"11","wellbore_chev_no_14_690",4.2992033351014
"12","wellbore_chev_no_14_691",4.3753199452069
"13","wellbore_chev_no_14_692",4.39195246384789
"14","wellbore_chev_no_14_693",4.41938736992188
"15","wellbore_chev_no_14_694",4.40704051681941
"16","wellbore_chev_no_14_695",4.38947350918483
"17","wellbore_chev_no_14_696",4.46711751675742
"18","wellbore_chev_no_14_697",4.4182216808772
"19","wellbore_chev_no_14_698",4.40070206050662
"20","wellbore_chev_no_14_699",4.33271761314705
"21","wellbore_chev_no_14_700",4.32337513224058
"22","wellbore_chev_no_14_701",4.39375938325827
"23","wellbore_chev_no_14_702",4.40814830050168
"24","wellbore_chev_no_14_703",4.40636787317625
"25","wellbore_chev_no_14_704",4.36230858641697
"26","wellbore_chev_no_14_705",4.417455981015
"27","wellbore_chev_no_14_706",4.39090361925501
"28","wellbore_chev_no_14_707",4.36635065618354
"29","wellbore_chev_no_14_708",4.29470725090349
"30","wellbore_chev_no_14_709",4.3029641431586
"31","wellbore_chev_no_14_710",4.35868987396577
"32","wellbore_chev_no_14_711",4.43538698577393
"33","wellbore_chev_no_14_712",4.44796818016276
"34","wellbore_chev_no_14_713",4.37591176424734
"35","wellbore_chev_no_14_714",4.37392054010584
"36","wellbore_chev_no_14_715",4.40658840456214
"37","wellbore_chev_no_14_716",4.45987196270897
"38","wellbore_chev_no_14_717",4.38829148779573
"39","wellbore_chev_no_14_718",4.40711104553658
"40","wellbore_chev_no_14_719",4.41847837530429
"41","wellbore_chev_no_14_720",4.43967289168718
"42","wellbore_chev_no_14_721",4.37529539498543
"43","wellbore_chev_no_14_722",4.35106225139028
"44","wellbore_chev_no_14_723",4.33094490757757
"45","wellbore_chev_no_14_724",4.34622126624405
"46","wellbore_chev_no_14_725",4.34019934380237
"47","wellbore_chev_no_14_726",4.428720784921
"48","wellbore_chev_no_14_727",4.48879303405019
"49","wellbore_chev_no_14_728",4.48803683531685
"50","wellbore_chev_no_14_729",4.43437720024643
"51","wellbore_chev_no_14_730",4.40995023497608
"52","wellbore_chev_no_14_731",4.40688564823672
"53","wellbore_chev_no_14_732",4.28306970252616
"54","wellbore_chev_no_14_733",4.26588017397207
"55","wellbore_chev_no_14_734",4.40250096807004
"56","wellbore_chev_no_14_735",4.49480578998245
"57","wellbore_chev_no_14_736",4.35598012215095
"58","wellbore_chev_no_14_737",4.44814896701116
"59","wellbore_chev_no_14_738",4.4549786827202
"60","wellbore_chev_no_14_739",4.42893452967403
"61","wellbore_chev_no_14_740",4.42233284588656
"62","wellbore_chev_no_14_741",4.4186256335331
"63","wellbore_chev_no_14_742",4.41644994227379
"64","wellbore_chev_no_14_743",4.4212518951446
"65","wellbore_chev_no_14_744",4.44587398810744
"66","wellbore_chev_no_14_745",4.47546493599348
"67","wellbore_chev_no_14_746",4.42290200209354
"68","wellbore_chev_no_14_747",4.47373701556684
"69","wellbore_chev_no_14_748",4.4574120351197
"70","wellbore_chev_no_14_749",4.52004871006938
"71","wellbore_chev_no_14_750",4.42821543453213
"72","wellbore_chev_no_14_751",4.36518427213723
"73","wellbore_chev_no_14_752",4.37706935387515
"74","wellbore_chev_no_14_753",4.42365078087286
"75","wellbore_chev_no_14_754",4.44782298157748
"76","wellbore_chev_no_14_755",4.45483107246547
"77","wellbore_chev_no_14_756",4.48333833155718
"78","wellbore_chev_no_14_757",4.54733736158854
"79","wellbore_chev_no_14_758",4.54940533412301
"80","wellbore_chev_no_14_759",4.41273957404734
"81","wellbore_chev_no_14_760",4.33314407885008
"82","wellbore_chev_no_14_761",4.34960527871184
"83","wellbore_chev_no_14_762",4.34592271135086
"84","wellbore_chev_no_14_763",4.32958150819832
"85","wellbore_chev_no_14_764",4.45521454660496
"86","wellbore_chev_no_14_765",4.48084665682928
"87","wellbore_chev_no_14_766",4.50303446191302
"88","wellbore_chev_no_14_767",4.4360157572507
"89","wellbore_chev_no_14_768",4.29658298789298
"90","wellbore_chev_no_14_769",4.25999791402072
"91","wellbore_chev_no_14_770",4.33139035903578
"92","wellbore_chev_no_14_771",4.42005935431625
"93","wellbore_chev_no_14_772",4.40105425137624
"94","wellbore_chev_no_14_773",4.37698660045785
"95","wellbore_chev_no_14_774",4.40473400047953
"96","wellbore_chev_no_14_775",4.3431225921869
"97","wellbore_chev_no_14_776",4.34525879709632
"98","wellbore_chev_no_14_777",4.44109138835212
"99","wellbore_chev_no_14_778",4.48386325577082
"100","wellbore_chev_no_14_779",4.42287162766522
"101","wellbore_chev_no_14_780",4.40737016420843
"102","wellbore_chev_no_14_781",4.35722875476895
"103","wellbore_chev_no_14_782",4.33631206876889
"104","wellbore_chev_no_14_783",4.36497099677898
"105","wellbore_chev_no_14_784",4.38184250834082
"106","wellbore_chev_no_14_785",4.36330415398506
"107","wellbore_chev_no_14_786",4.36273484602962
"108","wellbore_chev_no_14_787",4.39996820467325
"109","wellbore_chev_no_14_788",4.40797879731806
"110","wellbore_chev_no_14_789",4.41776038742729
"111","wellbore_chev_no_14_790",4.40709642957291
"112","wellbore_chev_no_14_791",4.41584917888059
"113","wellbore_chev_no_14_792",4.57271298733636
"114","wellbore_chev_no_14_793",4.62351262618876
"115","wellbore_chev_no_14_794",4.50214358875352
"116","wellbore_chev_no_14_795",4.72923144538273
"117","wellbore_chev_no_14_796",4.72794757028564
"118","wellbore_chev_no_14_797",4.68361269626122
"119","wellbore_chev_no_14_798",4.46255671130276
"120","wellbore_chev_no_14_799",4.53291689360843
"121","wellbore_chev_no_14_800",4.64336855280069
"122","wellbore_chev_no_14_801",4.78135098247948
"123","wellbore_chev_no_14_802",4.17581615290758
"124","wellbore_chev_no_14_803",3.73617936824555
"125","wellbore_chev_no_14_804",3.84057860336345
"126","wellbore_chev_no_14_805",4.36233761200522
"127","wellbore_chev_no_14_806",4.45532690940075
"128","wellbore_chev_no_14_807",4.44731249543535
"129","wellbore_chev_no_14_808",4.46051987252359
"130","wellbore_chev_no_14_809",4.46399395003604
"131","wellbore_chev_no_14_810",4.4574542855655
"132","wellbore_chev_no_14_811",4.43270266655514
"133","wellbore_chev_no_14_812",4.40295566834664
"134","wellbore_chev_no_14_813",4.43650688912623
"135","wellbore_chev_no_14_814",4.4311016688983
"136","wellbore_chev_no_14_815",4.41253476660396
"137","wellbore_chev_no_14_816",4.4024764161993
"138","wellbore_chev_no_14_817",4.43349588480333
"139","wellbore_chev_no_14_818",4.43779656754579
"140","wellbore_chev_no_14_819",4.36443524472633
"141","wellbore_chev_no_14_820",4.35894151030116
"142","wellbore_chev_no_14_821",4.37869469536361
"143","wellbore_chev_no_14_822",4.39393690262322
"144","wellbore_chev_no_14_823",4.37411264315868
"145","wellbore_chev_no_14_824",4.36851905613937
"146","wellbore_chev_no_14_825",4.33130583115815
"147","wellbore_chev_no_14_826",4.45197354611548
"148","wellbore_chev_no_14_827",4.34594197690095
"149","wellbore_chev_no_14_828",4.35722977848129
"150","wellbore_chev_no_14_829",4.37105144208748
"151","wellbore_chev_no_14_830",4.39712640948104
"152","wellbore_chev_no_14_831",4.45135567782147
"153","wellbore_chev_no_14_832",4.45693853661521
"154","wellbore_chev_no_14_833",4.32995169248219
"155","wellbore_chev_no_14_834",4.28012274744646
"156","wellbore_chev_no_14_835",4.26494650483049
"157","wellbore_chev_no_14_836",4.26471622044216
"158","wellbore_chev_no_14_837",4.27672894391551
"159","wellbore_chev_no_14_838",4.4002373611906
"160","wellbore_chev_no_14_839",4.41332653214818
"161","wellbore_chev_no_14_840",4.41980281522146
"162","wellbore_chev_no_14_841",4.44363913448816
"163","wellbore_chev_no_14_842",4.45561837051541
"164","wellbore_chev_no_14_843",4.43372974718627
"165","wellbore_chev_no_14_844",4.47380469445499
"166","wellbore_chev_no_14_845",4.44614526772409
"167","wellbore_chev_no_14_846",4.29971708570946
"168","wellbore_chev_no_14_847",4.34504972936074
"169","wellbore_chev_no_14_848",4.34505244222677
"170","wellbore_chev_no_14_849",4.36721006514073
"171","wellbore_chev_no_14_850",4.41630330397502
"172","wellbore_chev_no_14_851",4.40635971452933
"173","wellbore_chev_no_14_852",4.4072691081708
"174","wellbore_chev_no_14_853",4.18681190749369
"175","wellbore_chev_no_14_854",3.72376789050988
"176","wellbore_chev_no_14_855",3.77303669219801
"177","wellbore_chev_no_14_856",4.74394873406602
"178","wellbore_chev_no_14_857",4.78213872206528
"179","wellbore_chev_no_14_858",4.77570692866209
"180","wellbore_chev_no_14_859",4.78218291600471
"181","wellbore_chev_no_14_860",4.74286010637682
"182","wellbore_chev_no_14_861",4.57092916432959
"183","wellbore_chev_no_14_862",4.56128892097596
"184","wellbore_chev_no_14_863",4.71738615469796
"185","wellbore_chev_no_14_864",4.81751744552649
"186","wellbore_chev_no_14_865",4.81096480178082
"187","wellbore_chev_no_14_866",4.81284116438753
"188","wellbore_chev_no_14_867",4.79948664842965
"189","wellbore_chev_no_14_868",4.82137409033281
"190","wellbore_chev_no_14_869",4.82293584082757
"191","wellbore_chev_no_14_870",4.8117149758845
"192","wellbore_chev_no_14_871",4.8061885152552
"193","wellbore_chev_no_14_872",4.81296253457031
"194","wellbore_chev_no_14_873",4.81194044632819
"195","wellbore_chev_no_14_874",4.81141040500474
"196","wellbore_chev_no_14_875",4.79549620336436
"197","wellbore_chev_no_14_876",4.80513012133688
"198","wellbore_chev_no_14_877",4.80933697388039
"199","wellbore_chev_no_14_878",4.80649267691606
"200","wellbore_chev_no_14_879",4.79948579748743
"201","wellbore_chev_no_14_880",4.76275607625498
"202","wellbore_chev_no_14_881",4.8152723307143
"203","wellbore_chev_no_14_882",4.80137987491941
"204","wellbore_chev_no_14_883",4.81200733493018
"205","wellbore_chev_no_14_884",4.80112273271017
"206","wellbore_chev_no_14_885",4.72509830922919
"207","wellbore_chev_no_14_886",4.79308442609815
"208","wellbore_chev_no_14_887",4.54552346441447
"209","wellbore_chev_no_14_888",4.55436068726972
"210","wellbore_chev_no_14_889",4.48266318488363
"211","wellbore_chev_no_14_890",4.49611210710631
"212","wellbore_chev_no_14_891",4.5008380356835
"213","wellbore_chev_no_14_892",4.51951715724677
"214","wellbore_chev_no_14_893",4.70041643222508
"215","wellbore_chev_no_14_894",4.78231375297298
"216","wellbore_chev_no_14_895",4.78309396967244
"217","wellbore_chev_no_14_896",4.78251632452144
"218","wellbore_chev_no_14_897",4.73144331096961
"219","wellbore_chev_no_14_898",4.76254673732537
"220","wellbore_chev_no_14_899",4.76105553072362
"221","wellbore_chev_no_14_900",4.75815262103735
"222","wellbore_chev_no_14_901",4.61552481009156
"223","wellbore_chev_no_14_902",4.5823371515515
"224","wellbore_chev_no_14_903",4.55918296273187
"225","wellbore_chev_no_14_904",4.56625519577876
"226","wellbore_chev_no_14_905",4.54776039749995
"227","wellbore_chev_no_14_906",4.51141555277678
"228","wellbore_chev_no_14_907",4.49995043824811
"229","wellbore_chev_no_14_908",4.47782907628802
"230","wellbore_chev_no_14_909",4.47960278255278
"231","wellbore_chev_no_14_910",4.39919213850301
"232","wellbore_chev_no_14_911",4.4407822863321
"233","wellbore_chev_no_14_912",4.47842096598611
"234","wellbore_chev_no_14_913",4.48002390823502
"235","wellbore_chev_no_14_914",4.38786490317384
"236","wellbore_chev_no_14_915",4.35485928328607
"237","wellbore_chev_no_14_916",4.48252411624654
"238","wellbore_chev_no_14_917",4.42149619235991
"239","wellbore_chev_no_14_918",4.3499881781967
"240","wellbore_chev_no_14_919",4.31710665703585
"241","wellbore_chev_no_14_920",4.31326034443672
"242","wellbore_chev_no_14_921",4.29075823079262
"243","wellbore_chev_no_14_922",4.27673565127356
"244","wellbore_chev_no_14_923",4.29872500022645
"245","wellbore_chev_no_14_924",4.34592505829381
"246","wellbore_chev_no_14_925",4.35640738246457
"247","wellbore_chev_no_14_926",4.29890588312661
"248","wellbore_chev_no_14_927",4.26183139429615
"249","wellbore_chev_no_14_928",4.24634684836059
"250","wellbore_chev_no_14_929",4.36051066639942
"251","wellbore_chev_no_14_930",4.36167194282119
"252","wellbore_chev_no_14_931",4.33619056908637
"253","wellbore_chev_no_14_932",4.29848129774725
"254","wellbore_chev_no_14_933",4.318011476734
"255","wellbore_chev_no_14_934",4.3727412538826
"256","wellbore_chev_no_14_935",4.35177817980948
"257","wellbore_chev_no_14_936",4.29803526109854
"258","wellbore_chev_no_14_937",4.32177725934864
"259","wellbore_chev_no_14_938",4.31593316506884
"260","wellbore_chev_no_14_939",4.32713077134453
"261","wellbore_chev_no_14_940",4.40084029849074
"262","wellbore_chev_no_14_941",4.3364265954905
"263","wellbore_chev_no_14_942",4.33190272108697
"264","wellbore_chev_no_14_943",4.37812477208504
"265","wellbore_chev_no_14_944",4.35786355639902
"266","wellbore_chev_no_14_945",4.34028749186192
"267","wellbore_chev_no_14_946",4.34861102525492
"268","wellbore_chev_no_14_947",4.37079390436655
"269","wellbore_chev_no_14_948",4.31250195257541
"270","wellbore_chev_no_14_949",4.41699060689002
"271","wellbore_chev_no_14_950",4.4155555876276
"272","wellbore_chev_no_14_951",4.39637906664617
"273","wellbore_chev_no_14_952",4.41228523892938
"274","wellbore_chev_no_14_953",4.3933571367391
"275","wellbore_chev_no_14_954",4.36830830813571
"276","wellbore_chev_no_14_955",4.38287413971425
"277","wellbore_chev_no_14_956",4.32107349100139
"278","wellbore_chev_no_14_957",4.20875262215205
"279","wellbore_chev_no_14_958",4.28012942117377
"280","wellbore_chev_no_14_959",4.37618198311092
"281","wellbore_chev_no_14_960",4.32497319051995
"282","wellbore_chev_no_14_961",4.29567760001316
"283","wellbore_chev_no_14_962",4.32651447719277
"284","wellbore_chev_no_16_732",3.92961167306558
"285","wellbore_chev_no_16_733",3.97891129203323
"286","wellbore_chev_no_16_734",3.92519038033567
"287","wellbore_chev_no_16_735",3.80937543273727
"288","wellbore_chev_no_16_736",3.887108031889
"289","wellbore_chev_no_16_737",4.11779846397118
"290","wellbore_chev_no_16_738",4.16807689354529
"291","wellbore_chev_no_16_739",4.14618678206249
"292","wellbore_chev_no_16_740",4.20405955010882
"293","wellbore_chev_no_16_741",4.25844632222224
"294","wellbore_chev_no_16_742",4.26583556592582
"295","wellbore_chev_no_16_743",4.02480970707875
"296","wellbore_chev_no_16_744",4.03939316985849
"297","wellbore_chev_no_16_745",4.13967432748537
"298","wellbore_chev_no_16_746",4.22498387315743
"299","wellbore_chev_no_16_747",4.24429451436036
"300","wellbore_chev_no_16_748",4.26212867748335
"301","wellbore_chev_no_16_749",4.24272928163452
"302","wellbore_chev_no_16_750",4.26852724767715
"303","wellbore_chev_no_16_751",4.26806640401712
"304","wellbore_chev_no_16_752",4.2476035660908
"305","wellbore_chev_no_16_753",4.29081879817884
"306","wellbore_chev_no_16_754",4.29856011907795
"307","wellbore_chev_no_16_755",4.28655509188397
"308","wellbore_chev_no_16_756",4.280770186777
"309","wellbore_chev_no_16_757",4.21877978844573
"310","wellbore_chev_no_16_758",4.28269808229373
"311","wellbore_chev_no_16_759",4.26644059247607
"312","wellbore_chev_no_16_760",4.1671470909776
"313","wellbore_chev_no_16_761",4.16155451326441
"314","wellbore_chev_no_16_762",4.21568357725908
"315","wellbore_chev_no_16_763",4.20649181265674
"316","wellbore_chev_no_16_764",4.07987605554412
"317","wellbore_chev_no_16_765",3.9992316300554
"318","wellbore_chev_no_16_766",4.08394424190799
"319","wellbore_chev_no_16_767",4.22562807301156
"320","wellbore_chev_no_16_768",4.20105705209923
"321","wellbore_chev_no_16_769",4.17942982149118
"322","wellbore_chev_no_16_770",4.03935511747077
"323","wellbore_chev_no_16_771",3.99438305720157
"324","wellbore_chev_no_16_772",4.1206994233779
"325","wellbore_chev_no_16_773",4.1417598714382
"326","wellbore_chev_no_16_774",4.10088864280709
"327","wellbore_chev_no_16_775",3.97521993004322
"328","wellbore_chev_no_16_776",3.98822101831531
"329","wellbore_chev_no_16_777",3.99557716314381
"330","wellbore_chev_no_16_778",3.95953495120784
"331","wellbore_chev_no_16_779",3.85884727115311
"332","wellbore_chev_no_16_780",3.91027682528096
"333","wellbore_chev_no_16_781",4.06014815055631
"334","wellbore_chev_no_16_782",4.08979119431528
"335","wellbore_chev_no_16_783",4.03603161856829
"336","wellbore_chev_no_16_784",3.92040139258572
"337","wellbore_chev_no_16_785",4.13387149229823
"338","wellbore_chev_no_16_786",4.29305463208076
"339","wellbore_chev_no_16_787",4.37469531992461
"340","wellbore_chev_no_16_788",4.57054309167052
"341","wellbore_chev_no_16_789",4.5961520662913
"342","wellbore_chev_no_16_790",4.58712582574485
"343","wellbore_chev_no_16_791",4.5541982988563
"344","wellbore_chev_no_16_792",4.54857288561063
"345","wellbore_chev_no_16_793",4.59685609541227
"346","wellbore_chev_no_16_794",4.56677688091544
"347","wellbore_chev_no_16_795",4.54624764676327
"348","wellbore_chev_no_16_796",4.55471510325396
"349","wellbore_chev_no_16_797",4.54001012496053
"350","wellbore_chev_no_16_798",4.56180986183224
"351","wellbore_chev_no_16_799",4.54474717220746
"352","wellbore_chev_no_16_800",4.49280911603167
"353","wellbore_chev_no_16_801",4.22474362157462
"354","wellbore_chev_no_16_802",4.22345569072919
"355","wellbore_chev_no_16_803",4.37926106701026
"356","wellbore_chev_no_16_804",4.435566914614
"357","wellbore_chev_no_16_805",4.43819872491957
"358","wellbore_chev_no_16_806",4.43069162118241
"359","wellbore_chev_no_16_807",4.43659886680375
"360","wellbore_chev_no_16_808",4.47898749987774
"361","wellbore_chev_no_16_809",4.13022425294115
"362","wellbore_chev_no_16_810",4.01263743611318
"363","wellbore_chev_no_16_811",4.0516547429102
"364","wellbore_chev_no_16_812",4.08147167712439
"365","wellbore_chev_no_16_813",4.04236947987579
"366","wellbore_chev_no_16_814",3.99229229023969
"367","wellbore_chev_no_16_815",4.0085084150614
"368","wellbore_chev_no_16_816",4.12158643752227
"369","wellbore_chev_no_16_817",4.11188346628671
"370","wellbore_chev_no_16_818",4.10637015917886
"371","wellbore_chev_no_16_819",4.14371178518167
"372","wellbore_chev_no_16_820",4.06418262464904
"373","wellbore_chev_no_16_821",4.28557985492659
"374","wellbore_chev_no_16_822",4.16299780957479
"375","wellbore_chev_no_16_823",4.05929043574111
"376","wellbore_chev_no_16_824",4.22083286873957
"377","wellbore_chev_no_16_825",4.31190153796454
"378","wellbore_chev_no_16_826",4.25836158760936
"379","wellbore_chev_no_16_827",4.09567363247756
"380","wellbore_chev_no_16_828",4.07025596637256
"381","wellbore_chev_no_16_829",4.2611382090964
"382","wellbore_chev_no_16_830",4.53911941799667
"383","wellbore_chev_no_16_831",4.46197361051441
"384","wellbore_chev_no_16_832",4.48961649997451
"385","wellbore_chev_no_16_833",4.51562633634566
"386","wellbore_chev_no_16_834",4.30895411999725
"387","wellbore_chev_no_16_835",4.20974586833485
"388","wellbore_chev_no_16_836",4.22825900432668
"389","wellbore_chev_no_16_837",4.13850019976184
"390","wellbore_chev_no_16_838",4.16308234355198
"391","wellbore_chev_no_16_839",4.21840318879232
"392","wellbore_chev_no_16_840",4.20070878856415
"393","wellbore_chev_no_16_841",4.35560194022229
"394","wellbore_chev_no_16_842",4.35125672336344
"395","wellbore_chev_no_16_843",4.28240840696064
"396","wellbore_chev_no_16_844",4.13588624131153
"397","wellbore_chev_no_16_845",4.19498331460784
"398","wellbore_chev_no_16_846",4.23208365546113
"399","wellbore_chev_no_16_847",4.25842437562973
"400","wellbore_chev_no_16_848",4.19839233227139
"401","wellbore_chev_no_16_849",4.20257230522045
"402","wellbore_chev_no_16_850",4.20545898166543
"403","wellbore_chev_no_16_851",4.11501271709894
"404","wellbore_chev_no_16_852",4.10586062644389
"405","wellbore_chev_no_16_853",4.24012242730827
"406","wellbore_chev_no_16_854",4.22440562840012
"407","wellbore_chev_no_16_855",4.17753325751524
"408","wellbore_chev_no_16_856",4.07404157510413
"409","wellbore_chev_no_16_857",4.13946408868076
"410","wellbore_chev_no_16_858",3.85121256860716
"411","wellbore_chev_no_19_158",3.44382534646592
"412","wellbore_chev_no_19_159",3.45131882810984
"413","wellbore_chev_no_19_160",3.43771317229882
"414","wellbore_chev_no_19_161",3.69724619608219
"415","wellbore_chev_no_19_162",3.70400731622401
"416","wellbore_chev_no_19_163",3.73388765886215
"417","wellbore_chev_no_19_164",3.64242387473527
"418","wellbore_chev_no_19_166",3.69904586403076
"419","wellbore_chev_no_19_167",3.73985601899683
"420","wellbore_chev_no_19_168",3.68783083585084
"421","wellbore_chev_no_19_169",3.66315058506841
"422","wellbore_chev_no_19_170",3.70024301887194
"423","wellbore_chev_no_19_171",3.71667267999972
"424","wellbore_chev_no_19_172",3.72146107161549
"425","wellbore_chev_no_19_173",3.6544707477607
"426","wellbore_chev_no_19_174",3.68565851545848
"427","wellbore_chev_no_19_175",3.75688314929085
"428","wellbore_chev_no_19_176",3.78646466873966
"429","wellbore_chev_no_19_177",3.66616372444044
"430","wellbore_chev_no_19_178",3.71456730945889
"431","wellbore_chev_no_19_179",3.73338918263453
"432","wellbore_chev_no_19_180",3.74504399420884
"433","wellbore_chev_no_19_181",3.75400677302941
"434","wellbore_chev_no_19_182",3.69229701060925
"435","wellbore_chev_no_19_183",3.68417492198348
"436","wellbore_chev_no_19_184",3.7579012045531
"437","wellbore_chev_no_19_185",3.8234583028482
"438","wellbore_chev_no_19_186",3.68561709521613
"439","wellbore_chev_no_19_187",3.6887131545729
"440","wellbore_chev_no_19_188",3.64713946449872
"441","wellbore_chev_no_19_189",3.68566882692931
"442","wellbore_chev_no_19_190",3.70935028813376
"443","wellbore_chev_no_19_191",3.70816489086598
"444","wellbore_chev_no_19_192",3.7258496658891
"445","wellbore_chev_no_19_193",3.84734709922138
"446","wellbore_chev_no_19_194",3.80417597636291
"447","wellbore_chev_no_19_195",3.70450941779134
"448","wellbore_chev_no_19_196",3.74082222855299
"449","wellbore_chev_no_19_197",3.7154251214786
"450","wellbore_chev_no_19_198",3.73374926957353
"451","wellbore_chev_no_19_199",3.72212937105208
"452","wellbore_chev_no_19_200",3.77196277717509
"453","wellbore_chev_no_19_201",3.73745396770749
"454","wellbore_chev_no_19_202",3.84770115092508
"455","wellbore_chev_no_19_203",3.78823649815171
"456","wellbore_chev_no_19_204",3.6817385332854
"457","wellbore_chev_no_19_205",3.76498658371052
"458","wellbore_chev_no_19_206",3.69759395954404
"459","wellbore_chev_no_19_207",3.73212592038839
"460","wellbore_chev_no_19_208",3.73182505132141
"461","wellbore_chev_no_19_209",3.74221836768718
"462","wellbore_chev_no_19_210",3.76368478519231
"463","wellbore_chev_no_19_211",3.93993088794236
"464","wellbore_chev_no_19_212",3.79896453218752
"465","wellbore_chev_no_19_213",3.74628153971253
"466","wellbore_chev_no_19_214",3.81333409646066
"467","wellbore_chev_no_19_215",3.73667808278147
"468","wellbore_chev_no_19_216",3.74089653120344
"469","wellbore_chev_no_19_217",3.71084680782167
"470","wellbore_chev_no_19_218",3.78163317179791
"471","wellbore_chev_no_19_219",3.82884391319258
"472","wellbore_chev_no_19_220",3.8085000814412
"473","wellbore_chev_no_19_221",3.81262810042798
"474","wellbore_chev_no_19_222",3.85097148757048
"475","wellbore_chev_no_19_223",3.79536169226407
"476","wellbore_chev_no_19_224",3.75932058480517
"477","wellbore_chev_no_19_225",3.76737138883486
"478","wellbore_chev_no_19_226",3.78980673495751
"479","wellbore_chev_no_19_227",3.81993533177037
"480","wellbore_chev_no_19_228",3.85329858342226
"481","wellbore_chev_no_19_229",3.81265374008897
"482","wellbore_chev_no_19_230",3.75847499384831
"483","wellbore_chev_no_19_231",3.89766460650459
"484","wellbore_chev_no_19_232",3.8519888069946
"485","wellbore_chev_no_19_233",3.83043454738665
"486","wellbore_chev_no_19_234",3.8529678200125
"487","wellbore_chev_no_19_235",3.81202390441847
"488","wellbore_chev_no_19_236",3.85363632926395
"489","wellbore_chev_no_19_237",3.83597920227971
"490","wellbore_chev_no_19_238",3.83435435607394
"491","wellbore_chev_no_19_239",3.77219696189698
"492","wellbore_chev_no_19_240",3.79482496409488
"493","wellbore_chev_no_19_241",3.74966589407319
"494","wellbore_chev_no_19_242",3.75910462983148
"495","wellbore_chev_no_19_243",3.74356347358564
"496","wellbore_chev_no_19_244",3.7368870742427
"497","wellbore_chev_no_19_245",3.8269385272304
"498","wellbore_chev_no_19_246",3.89058932931584
"499","wellbore_chev_no_19_247",3.92018487543814
"500","wellbore_chev_no_19_248",3.77639167958637
"501","wellbore_chev_no_19_249",3.80026365856787
"502","wellbore_chev_no_19_250",3.80173911364653
"503","wellbore_chev_no_19_251",3.76544665901971
"504","wellbore_chev_no_19_252",3.76532608973806
"505","wellbore_chev_no_19_253",3.69314751354218
"506","wellbore_chev_no_19_254",3.68280476286664
"507","wellbore_chev_no_19_255",3.76823095928722
"508","wellbore_chev_no_19_256",3.79179183577035
"509","wellbore_chev_no_19_257",3.63271524242282
"510","wellbore_chev_no_19_258",3.69796069961576
"511","wellbore_chev_no_19_259",3.73408829914618
"512","wellbore_chev_no_19_260",3.78753222170129
"513","wellbore_chev_no_19_261",3.72739374206556
"514","wellbore_chev_no_19_262",3.63273422661869
"515","wellbore_chev_no_19_263",3.68180088385416
"516","wellbore_chev_no_19_264",3.7360868704002
"517","wellbore_chev_no_19_265",3.78366627230088
"518","wellbore_chev_no_19_266",3.68610054602039
"519","wellbore_chev_no_19_267",3.67222982865311
"520","wellbore_chev_no_19_268",3.90315313202832
"521","wellbore_chev_no_19_269",4.581388110635
"522","wellbore_chev_no_19_270",4.61656904055757
"523","wellbore_chev_no_19_271",4.61336597534369
"524","wellbore_chev_no_19_272",4.57602388090992
"525","wellbore_chev_no_19_273",4.58428328261382
"526","wellbore_chev_no_19_274",4.58754161613291
"527","wellbore_chev_no_19_275",4.60664207086086
"528","wellbore_chev_no_19_276",4.54237345892392
"529","wellbore_chev_no_19_277",4.54377426006754
"530","wellbore_chev_no_19_278",4.56959096707585
"531","wellbore_chev_no_19_279",4.60227248732093
"532","wellbore_chev_no_19_280",4.57776153302857
"533","wellbore_chev_no_19_281",4.51609572139032
"534","wellbore_chev_no_19_282",4.53768419628702
"535","wellbore_chev_no_19_283",4.58082140761358
"536","wellbore_chev_no_19_284",4.59868194743577
"537","wellbore_chev_no_19_285",4.54318979890204
"538","wellbore_chev_no_19_286",4.55204382537069
"539","wellbore_chev_no_19_287",4.55917859544382
"540","wellbore_chev_no_19_288",4.58159098311182
"541","wellbore_chev_no_19_289",4.55772975612733
"542","wellbore_chev_no_19_290",4.50165486231164
"543","wellbore_chev_no_19_291",4.54608652388328
"544","wellbore_chev_no_19_292",4.55939499779915
"545","wellbore_chev_no_19_293",4.57604824942779
"546","wellbore_chev_no_19_294",4.50534761219315
"547","wellbore_chev_no_19_295",4.51711608404135
"548","wellbore_chev_no_19_296",4.53562244691506
"549","wellbore_chev_no_19_297",4.55747073943123
"550","wellbore_chev_no_19_298",4.5415871523619
"551","wellbore_chev_no_19_299",4.51196860112908
"552","wellbore_chev_no_19_300",4.53820795084155
"553","wellbore_chev_no_19_301",4.56087430583266
"554","wellbore_chev_no_19_302",4.57262753416154
"555","wellbore_chev_no_19_303",4.48261953461844
"556","wellbore_chev_no_19_304",4.50338462894335
"557","wellbore_chev_no_19_305",4.52718252566401
"558","wellbore_chev_no_19_306",4.27807713652616
"559","wellbore_chev_no_19_307",4.12169633453294
"560","wellbore_chev_no_19_308",4.19923440375914
"561","wellbore_chev_no_19_309",4.53217594535931
"562","wellbore_chev_no_19_310",4.56122873393879
"563","wellbore_chev_no_19_311",4.4910935654364
"564","wellbore_chev_no_19_312",4.10547508097298
"565","wellbore_chev_no_19_313",4.12546809473067
"566","wellbore_chev_no_19_314",4.15188969645014
"567","wellbore_chev_no_19_315",4.18681931038103
"568","wellbore_chev_no_19_316",4.38977559514135
"569","wellbore_chev_no_19_317",4.35186550162448
"570","wellbore_chev_no_19_318",4.13886572092683
"571","wellbore_chev_no_19_319",4.16332691484568
"572","wellbore_chev_no_19_320",4.1674699710964
"573","wellbore_chev_no_19_321",4.10086679423856
"574","wellbore_chev_no_19_322",4.1221704413479
"575","wellbore_chev_no_19_323",4.18917876927086
"576","wellbore_chev_no_19_324",4.60878492447359
"577","wellbore_chev_no_19_325",4.53554683013052
"578","wellbore_chev_no_19_326",4.56398008196475
"579","wellbore_chev_no_19_327",4.27019263855195
"580","wellbore_chev_no_19_328",4.61282454609935
"581","wellbore_chev_no_19_329",4.57852851166789
"582","wellbore_chev_no_19_330",4.53177415938478
"583","wellbore_chev_no_19_331",4.4439287785728
"584","wellbore_chev_no_19_332",4.16934568873832
"585","wellbore_chev_no_19_333",4.19548575500084
"586","wellbore_chev_no_19_334",4.13326856058285
"587","wellbore_chev_no_19_335",4.16201832048607
"588","wellbore_chev_no_19_336",4.18665335057997
"589","wellbore_chev_no_19_337",4.38939904338434
"590","wellbore_chev_no_19_338",4.5515906091256
"591","wellbore_chev_no_19_339",4.50945928471165
"592","wellbore_chev_no_19_340",4.51183326830008
"593","wellbore_chev_no_19_341",4.1672722601927
"594","wellbore_chev_no_19_342",4.21261960834829
"595","wellbore_chev_no_19_343",4.53349344432283
"596","wellbore_chev_no_19_344",4.54538653608471
"597","wellbore_chev_no_19_345",4.48088166776354
"598","wellbore_chev_no_19_346",4.35522149945232
"599","wellbore_chev_no_19_347",4.54760433987434
"600","wellbore_chev_no_19_348",4.52839757624359
"601","wellbore_chev_no_19_349",4.54532169520464
"602","wellbore_chev_no_19_350",4.58166248016378
"603","wellbore_chev_no_19_351",4.58468463305306
"604","wellbore_chev_no_19_352",4.50745952544946
"605","wellbore_chev_no_19_353",4.32696244528619
"606","wellbore_chev_no_19_354",4.36933468566472
"607","wellbore_chev_no_19_355",4.58333085291204
"608","wellbore_chev_no_19_356",4.26521559925834
"609","wellbore_chev_no_19_357",4.12801103139456
"610","wellbore_chev_no_19_358",4.13900348495469
"611","wellbore_chev_no_19_359",4.17636465067493
"612","wellbore_chev_no_19_360",4.16547284792766
"613","wellbore_chev_no_19_361",4.12291276521295
"614","wellbore_chev_no_19_362",4.16223688824863
"615","wellbore_chev_no_19_363",4.50406030058438
"616","wellbore_chev_no_19_364",4.56776160321197
"617","wellbore_chev_no_19_365",4.21519102545688
"618","wellbore_chev_no_19_366",4.11617210053148
"619","wellbore_chev_no_19_367",4.14862626198037
"620","wellbore_chev_no_19_368",4.1489527190794
"621","wellbore_chev_no_19_369",4.14410218901996
"622","wellbore_chev_no_19_370",4.07940476746147
"623","wellbore_chev_no_19_371",4.10733660271443
"624","wellbore_chev_no_19_372",4.1105723560553
"625","wellbore_chev_no_19_373",4.16394265515645
"626","wellbore_chev_no_19_374",4.10528301468746
"627","wellbore_chev_no_19_375",4.13607676528094
"628","wellbore_chev_no_19_376",4.13128412286725
"629","wellbore_chev_no_19_377",4.17830875220244
"630","wellbore_chev_no_19_378",4.15167050712535
"631","wellbore_chev_no_19_379",4.12332379103824
"632","wellbore_chev_no_19_380",4.13856394470791
"633","wellbore_chev_no_19_381",4.16750317623725
"634","wellbore_chev_no_19_382",4.16601767762322
"635","wellbore_chev_no_19_383",4.06404940803868
"636","wellbore_chev_no_19_384",4.09127588422824
"637","wellbore_chev_no_19_385",4.10639257169147
"638","wellbore_chev_no_19_386",4.13705728112383
"639","wellbore_chev_no_19_387",4.1574588821614
"640","wellbore_chev_no_19_388",4.43580484014292
"641","wellbore_chev_no_19_389",4.39201292281864
"642","wellbore_chev_no_19_390",4.40058513914597
"643","wellbore_chev_no_19_391",4.52267120702864
"644","wellbore_chev_no_19_392",4.69608269382597
"645","wellbore_chev_no_19_393",5.0495458869839
"646","wellbore_chev_no_19_394",5.04852958250714
"647","wellbore_chev_no_19_395",4.80336966369962
"648","wellbore_chev_no_19_396",5.17820607046273
"649","wellbore_chev_no_19_397",5.22924979702809
"650","wellbore_chev_no_19_398",5.2785426807306
"651","wellbore_chev_no_19_399",5.36763551939147
"652","wellbore_chev_no_19_400",5.49313891844542
"653","wellbore_chev_no_19_401",5.50999009243632
"654","wellbore_chev_no_19_402",5.56980892520348
"655","wellbore_chev_no_19_403",5.55615930598803
"656","wellbore_chev_no_19_404",5.58708737191053
"657","wellbore_chev_no_19_405",5.59654561471263
"658","wellbore_chev_no_19_406",5.60822157690735
"659","wellbore_chev_no_19_407",5.62016982028132
"660","wellbore_chev_no_19_408",5.48357654599472
"661","wellbore_chev_no_19_409",5.65518668312465
"662","wellbore_chev_no_19_410",5.67453891995808
"663","wellbore_chev_no_19_411",5.6725628502225
"664","wellbore_chev_no_19_412",5.61921608728367
"665","wellbore_chev_no_19_413",5.66025249535031
"666","wellbore_chev_no_19_414",5.67774910936239
"667","wellbore_chev_no_19_415",5.67134887233794
"668","wellbore_chev_no_19_416",5.66706923608523
"669","wellbore_chev_no_19_417",5.57975230478104
"670","wellbore_chev_no_19_418",5.65753515031006
"671","wellbore_chev_no_19_419",5.6701238658409
"672","wellbore_chev_no_19_420",5.66896996415113
"673","wellbore_chev_no_19_421",5.60952363985097
"674","wellbore_chev_no_19_422",5.64143267543494
"675","wellbore_chev_no_19_423",5.65329550646798
"676","wellbore_chev_no_19_424",5.66606221409806
"677","wellbore_chev_no_19_425",5.62126905224018
"678","wellbore_chev_no_19_426",5.51843167371915
"679","wellbore_chev_no_19_427",5.60099656276729
"680","wellbore_chev_no_19_428",5.56346235181006
"681","wellbore_chev_no_19_429",5.56276762966276
"682","wellbore_chev_no_19_430",5.55915453164682
"683","wellbore_chev_no_19_431",5.65241349702625
"684","wellbore_chev_no_19_432",5.64745128063226
"685","wellbore_chev_no_19_433",5.63937863249422
"686","wellbore_chev_no_19_434",5.57890645453937
"687","wellbore_chev_no_19_435",5.61672674171465
"688","wellbore_chev_no_19_436",5.64733543951295
"689","wellbore_chev_no_19_437",5.66365599907086
"690","wellbore_chev_no_19_438",5.6605594478184
"691","wellbore_chev_no_19_439",5.5359553666968
"692","wellbore_chev_no_19_440",5.56725721969562
"693","wellbore_chev_no_19_441",5.57855961999925
"694","wellbore_chev_no_19_442",5.60129889271315
"695","wellbore_chev_no_19_443",5.54859800852354
"696","wellbore_chev_no_19_444",5.51532962905252
"697","wellbore_chev_no_19_445",5.5984806350492
"698","wellbore_chev_no_19_446",5.61895403987761
"699","wellbore_chev_no_19_447",5.61517409166833
"700","wellbore_chev_no_19_448",5.53389440158185
"701","wellbore_chev_no_19_449",5.63796429711986
"702","wellbore_chev_no_19_450",5.63732828576151
"703","wellbore_chev_no_19_451",5.63741069673278
"704","wellbore_chev_no_19_452",5.56279769638183
"705","wellbore_chev_no_19_453",5.54864650752902
"706","wellbore_chev_no_19_454",5.58588356416946
"707","wellbore_chev_no_19_455",5.60545565873139
"708","wellbore_chev_no_19_456",5.60707056285501
"709","wellbore_chev_no_19_457",5.53022486854477
"710","wellbore_chev_no_19_458",5.62003479182014
"711","wellbore_chev_no_19_459",5.62896542214702
"712","wellbore_chev_no_19_460",5.63361154730078
"713","wellbore_chev_no_19_461",5.56859683986923
"714","wellbore_chev_no_19_462",5.59350027825607
"715","wellbore_chev_no_19_463",5.59356494375329
"716","wellbore_chev_no_19_464",5.59153768922229
"717","wellbore_chev_no_19_465",5.61203721161834
"718","wellbore_chev_no_19_466",5.50089658926587
"719","wellbore_chev_no_19_467",5.59495345984907
"720","wellbore_chev_no_19_468",5.61005357537812
"721","wellbore_chev_no_19_469",5.62221066675867
"722","wellbore_chev_no_19_470",5.52769094448695
"723","wellbore_chev_no_19_471",5.61007007859026
"724","wellbore_chev_no_19_472",5.63253454184628
"725","wellbore_chev_no_19_473",5.63753331116102
"726","wellbore_chev_no_19_474",5.60402374830123
"727","wellbore_chev_no_19_475",5.54727243319655
"728","wellbore_chev_no_19_476",5.59174662773433
"729","wellbore_chev_no_19_477",5.59749786465746
"730","wellbore_chev_no_19_478",5.5954301088787
"731","wellbore_chev_no_19_479",5.48020899593411
"732","wellbore_chev_no_19_480",5.5238238203096
"733","wellbore_chev_no_19_481",5.52663976005362
"734","wellbore_chev_no_19_482",5.5547812576754
"735","wellbore_chev_no_19_483",5.54296842289226
"736","wellbore_chev_no_19_484",5.54019308478435
"737","wellbore_chev_no_19_485",5.59304021411759
"738","wellbore_chev_no_19_486",5.62335564604097
"739","wellbore_chev_no_19_487",5.61301127916713
"740","wellbore_chev_no_19_488",5.50737932871611
"741","wellbore_chev_no_19_489",5.56309247269649
"742","wellbore_chev_no_19_490",5.59519878201729
"743","wellbore_chev_no_19_491",5.61403700641883
"744","wellbore_chev_no_19_492",5.5475411379792
"745","wellbore_chev_no_19_493",5.56173464898033
"746","wellbore_chev_no_19_494",5.56217928001353
"747","wellbore_chev_no_19_495",5.56550629908454
"748","wellbore_chev_no_19_496",5.61328918055863
"749","wellbore_chev_no_19_497",5.45467683930639
"750","wellbore_chev_no_19_498",5.49389957599635
"751","wellbore_chev_no_19_499",5.55647251038172
"752","wellbore_chev_no_19_500",5.59301263226857
"753","wellbore_chev_no_19_501",5.53510473751177
"754","wellbore_chev_no_19_502",5.27931106217587
"755","wellbore_chev_no_19_503",5.28914252207526
"756","wellbore_chev_no_19_504",5.56961269590402
"757","wellbore_chev_no_19_505",5.57192490863943
"758","wellbore_chev_no_19_506",5.4651339766001
"759","wellbore_chev_no_19_507",5.4797868515625
"760","wellbore_chev_no_19_508",5.48855473789737
"761","wellbore_chev_no_19_509",5.48045238831996
"762","wellbore_chev_no_19_510",5.50160664868454
"763","wellbore_chev_no_19_511",5.50709078799295
"764","wellbore_chev_no_19_512",5.53304591450129
"765","wellbore_chev_no_19_513",5.56733998715786
"766","wellbore_chev_no_19_514",5.57369794236287
"767","wellbore_chev_no_19_515",5.47737455782261
"768","wellbore_chev_no_19_516",5.4707681122622
"769","wellbore_chev_no_19_517",5.50713954330725
"770","wellbore_chev_no_19_518",5.52996511679906
"771","wellbore_chev_no_19_519",5.49729513349164
"772","wellbore_chev_no_19_520",5.49548498714435
"773","wellbore_chev_no_19_521",5.49045726013862
"774","wellbore_chev_no_19_522",5.52035315562185
"775","wellbore_chev_no_19_523",5.47496806006733
"776","wellbore_chev_no_19_524",5.50485881893065
"777","wellbore_chev_no_19_525",5.50835377800067
"778","wellbore_chev_no_19_526",5.52330167837866
"779","wellbore_chev_no_19_527",5.55955962169665
"780","wellbore_chev_no_19_528",5.4735702524117
"781","wellbore_chev_no_19_529",5.48027323556915
"782","wellbore_chev_no_19_530",5.51987964167251
"783","wellbore_chev_no_19_531",5.55195071763162
"784","wellbore_chev_no_19_532",5.55470657099957
"785","wellbore_chev_no_19_533",5.46870934400815
"786","wellbore_chev_no_19_534",5.50110449542528
"787","wellbore_chev_no_19_535",5.50909714865883
"788","wellbore_chev_no_19_536",5.52202128879208
"789","wellbore_chev_no_19_537",5.46522780324501
"790","wellbore_chev_no_19_538",5.49599447790177
"791","wellbore_chev_no_19_539",5.51816491824301
"792","wellbore_chev_no_19_540",5.54974374487356
"793","wellbore_chev_no_19_541",5.48199087667873
"794","wellbore_chev_no_19_542",5.51323434908708
"795","wellbore_chev_no_19_543",5.46822375521197
"796","wellbore_chev_no_19_544",5.52892980481425
"797","wellbore_chev_no_19_545",5.58326214355053
"798","wellbore_chev_no_19_546",5.39751752110831
"799","wellbore_chev_no_19_547",5.42291603271248
"800","wellbore_chev_no_19_548",5.44204213163414
"801","wellbore_chev_no_19_549",5.48046871783638
"802","wellbore_chev_no_19_550",5.4064432718098
"803","wellbore_chev_no_19_551",5.42605980903109
"804","wellbore_chev_no_19_552",5.47931763282659
"805","wellbore_chev_no_19_553",5.51231262667549
"806","wellbore_chev_no_19_554",5.53889656074119
"807","wellbore_chev_no_19_555",5.41349790028002
"808","wellbore_chev_no_19_556",5.46765808108879
"809","wellbore_chev_no_19_557",5.48386046446536
"810","wellbore_chev_no_19_558",5.5219850052981
"811","wellbore_chev_no_19_559",5.45405955700565
"812","wellbore_chev_no_19_560",5.46654244697093
"813","wellbore_chev_no_19_561",5.47906759060877
"814","wellbore_chev_no_19_562",5.51890597723539
"815","wellbore_chev_no_19_563",5.50944292292571
"816","wellbore_chev_no_19_564",5.35435539463024
"817","wellbore_chev_no_19_565",5.43381074352761
"818","wellbore_chev_no_19_566",5.46089369278217
"819","wellbore_chev_no_19_567",5.49311524497387
"820","wellbore_chev_no_19_568",5.40212370101701
"821","wellbore_chev_no_19_569",5.3649705677548
"822","wellbore_chev_no_19_570",5.41529719378787
"823","wellbore_chev_no_19_571",5.44086623016283
"824","wellbore_chev_no_19_572",5.42719068631361
"825","wellbore_chev_no_19_573",5.30281659456671
"826","wellbore_chev_no_19_574",5.30806769839319
"827","wellbore_chev_no_19_575",5.32049311756594
"828","wellbore_chev_no_19_576",5.35612747019759
"829","wellbore_chev_no_19_577",5.34287199702895
"830","wellbore_chev_no_19_578",5.38392154276909
"831","wellbore_chev_no_19_579",5.41500558744159
"832","wellbore_chev_no_19_580",5.44112604175127
"833","wellbore_chev_no_19_581",5.38802755019322
"834","wellbore_chev_no_19_582",5.20576874952772
"835","wellbore_chev_no_19_583",5.21893055145813
"836","wellbore_chev_no_19_584",5.21697963208403
"837","wellbore_chev_no_19_585",5.2259132505483
"838","wellbore_chev_no_19_586",5.26643841114234
"839","wellbore_chev_no_19_587",5.34102690191489
"840","wellbore_chev_no_19_588",5.37021622212248
"841","wellbore_chev_no_19_589",5.39792478361514
"842","wellbore_chev_no_19_590",5.35293930772666
"843","wellbore_chev_no_19_591",5.34625738657256
"844","wellbore_chev_no_19_592",5.3959642604695
"845","wellbore_chev_no_19_593",5.41818576600128
"846","wellbore_chev_no_19_594",5.43957398429426
"847","wellbore_chev_no_19_595",5.34476012440419
"848","wellbore_chev_no_19_596",5.37802649937223
"849","wellbore_chev_no_19_597",5.4270411661302
"850","wellbore_chev_no_19_598",5.45432717290281
"851","wellbore_chev_no_19_599",5.38176798383536
"852","wellbore_chev_no_19_600",5.34634967271301
"853","wellbore_chev_no_19_601",5.36362439079611
"854","wellbore_chev_no_19_602",5.37321319129488
"855","wellbore_chev_no_19_603",5.39672036141834
"856","wellbore_chev_no_19_604",5.21022657574478
"857","wellbore_chev_no_19_605",5.4044936640765
"858","wellbore_chev_no_19_606",5.43815418906978
"859","wellbore_chev_no_19_607",5.46011798169994
"860","wellbore_chev_no_19_608",5.38216139764372
"861","wellbore_chev_no_19_609",5.36229115411049
"862","wellbore_chev_no_19_610",5.36646833766105
"863","wellbore_chev_no_19_611",5.40656280130452
"864","wellbore_chev_no_19_612",5.42424926075991
"865","wellbore_chev_no_19_613",5.33452952489001
"866","wellbore_chev_no_19_614",5.35601910053318
"867","wellbore_chev_no_19_615",5.38227537366834
"868","wellbore_chev_no_19_616",5.39602129479994
"869","wellbore_chev_no_19_617",5.32959742100561
"870","wellbore_chev_no_19_618",5.33516645866776
"871","wellbore_chev_no_19_619",5.36980836251715
"872","wellbore_chev_no_19_620",5.39841258558538
"873","wellbore_chev_no_19_621",5.40677091732988
"874","wellbore_chev_no_19_622",5.32184031275266
"875","wellbore_chev_no_19_623",5.34126159124102
"876","wellbore_chev_no_19_624",5.360600282401
"877","wellbore_chev_no_19_625",5.38570557514211
"878","wellbore_chev_no_19_626",5.29734118005582
"879","wellbore_chev_no_19_627",5.30884940083804
"880","wellbore_chev_no_19_628",5.33370497071052
"881","wellbore_chev_no_19_629",5.34682293778222
"882","wellbore_chev_no_19_630",5.26325722255938
"883","wellbore_chev_no_19_631",5.2435731160464
"884","wellbore_chev_no_19_632",5.2936622330528
"885","wellbore_chev_no_19_633",5.34089324670486
"886","wellbore_chev_no_19_634",5.36528640288548
"887","wellbore_chev_no_19_635",5.29937209965089
"888","wellbore_chev_no_19_636",5.34798848375793
"889","wellbore_chev_no_19_637",5.37312861834612
"890","wellbore_chev_no_19_638",5.34402200953643
"891","wellbore_chev_no_19_639",5.29597174963931
"892","wellbore_chev_no_19_640",5.28950373482809
"893","wellbore_chev_no_19_641",5.29240735005887
"894","wellbore_chev_no_19_642",5.29759026862388
"895","wellbore_chev_no_19_643",5.21241154069368
"896","wellbore_chev_no_19_644",4.13540797329397
"897","wellbore_chev_no_19_645",4.41169290539701
"898","wellbore_chev_no_19_646",4.51951323558001
"899","wellbore_chev_no_19_647",4.61719914681457
"900","wellbore_chev_no_19_648",4.62462824258989
"901","wellbore_chev_no_19_649",4.59819851990359
"902","wellbore_chev_no_19_650",4.49330787806418
"903","wellbore_chev_no_19_651",4.45613390045483
"904","wellbore_chev_no_19_652",4.3925935540065
"905","wellbore_chev_no_19_653",4.38778981263576
"906","wellbore_chev_no_19_654",4.04057268770722
"907","wellbore_chev_no_19_655",3.9581252596708
"908","wellbore_chev_no_19_656",4.04428276980379
"909","wellbore_chev_no_19_657",4.10190780239871
"910","wellbore_chev_no_19_658",3.98225565562656
"911","wellbore_chev_no_19_659",4.0180704577621
"912","wellbore_chev_no_19_660",4.0888264423548
"913","wellbore_chev_no_19_661",3.94995799015362
"914","wellbore_chev_no_19_662",3.92147423324506
"915","wellbore_chev_no_19_663",3.90520283496587
"916","wellbore_chev_no_19_664",3.92784007169846
"917","wellbore_chev_no_19_665",3.95866014200604
"918","wellbore_chev_no_19_666",3.96663932208857
"919","wellbore_chev_no_19_667",3.96906033519886
"920","wellbore_chev_no_19_668",3.96426497544886
"921","wellbore_chev_no_19_669",3.98117190555716
"922","wellbore_chev_no_19_670",4.00247146002973
"923","wellbore_chev_no_19_671",3.97639464503445
"924","wellbore_chev_no_19_672",4.02376424816063
"925","wellbore_chev_no_19_673",4.03717606203867
"926","wellbore_chev_no_19_674",4.06904279408572
"927","wellbore_chev_no_19_675",4.04677134244843
"928","wellbore_chev_no_19_676",3.95547857698069
"929","wellbore_chev_no_19_677",4.03274968527137
"930","wellbore_chev_no_19_678",3.94036533597847
"931","wellbore_chev_no_19_679",4.15706478004213
"932","wellbore_chev_no_19_680",4.16728314009604
"933","wellbore_chev_no_19_681",4.16601040460628
"934","wellbore_chev_no_19_682",4.05547588849124
"935","wellbore_chev_no_19_683",4.46445116040576
"936","wellbore_chev_no_19_684",4.43955936285495
"937","wellbore_chev_no_19_685",4.4513909787921
"938","wellbore_chev_no_19_686",4.39647256315174
"939","wellbore_chev_no_19_687",4.2908656184063
"940","wellbore_chev_no_19_688",4.36068613826917
"941","wellbore_chev_no_19_689",4.39780503409818
"942","wellbore_chev_no_19_690",4.44450255137341
"943","wellbore_chev_no_19_691",4.42074701090576
"944","wellbore_chev_no_19_692",4.54070772847402
"945","wellbore_chev_no_19_693",4.48378629428784
"946","wellbore_chev_no_19_694",4.49162130225418
"947","wellbore_chev_no_19_695",4.38185844158628
"948","wellbore_chev_no_19_696",4.40480215923205
"949","wellbore_chev_no_19_697",4.45043278527263
"950","wellbore_chev_no_19_698",4.4789817503712
"951","wellbore_chev_no_19_699",4.3952132803185
"952","wellbore_chev_no_19_700",4.30170673420472
"953","wellbore_chev_no_19_701",4.34841463684786
"954","wellbore_chev_no_19_702",4.40286415371072
"955","wellbore_chev_no_19_703",4.4112975481544
"956","wellbore_chev_no_19_704",4.31105205768347
"957","wellbore_chev_no_19_705",4.33616948382951
"958","wellbore_chev_no_19_706",4.33463433340815
"959","wellbore_chev_no_19_707",4.44547817951126
"960","wellbore_chev_no_19_708",4.45191242344231
"961","wellbore_chev_no_19_709",4.39822601107169
"962","wellbore_chev_no_19_710",4.42531640705993
"963","wellbore_chev_no_19_711",4.42739026692979
"964","wellbore_chev_no_19_712",4.4679953259821
"965","wellbore_chev_no_19_713",4.36417030611852
"966","wellbore_chev_no_19_714",4.40890292725819
"967","wellbore_chev_no_19_715",4.42368295523514
"968","wellbore_chev_no_19_716",4.45807503094188
"969","wellbore_chev_no_19_717",4.43756445332598
"970","wellbore_chev_no_19_718",4.43712117414878
"971","wellbore_chev_no_19_719",4.39477008494873
"972","wellbore_chev_no_19_720",4.50247921090616
"973","wellbore_chev_no_19_721",4.51347103032391
"974","wellbore_chev_no_19_722",4.43721428737705
"975","wellbore_chev_no_19_723",4.45480760859085
"976","wellbore_chev_no_19_724",4.45398126117197
"977","wellbore_chev_no_19_725",4.45707814196987
"978","wellbore_chev_no_19_726",4.46102564692022
"979","wellbore_chev_no_19_727",4.47657163049028
"980","wellbore_chev_no_19_728",4.39645114525251
"981","wellbore_chev_no_19_729",4.22984156639852
"982","wellbore_chev_no_19_730",4.17480402712826
"983","wellbore_chev_no_19_731",4.17777322331897
"984","wellbore_chev_no_19_732",4.21483102146681
"985","wellbore_chev_no_19_733",4.22354843652224
"986","wellbore_chev_no_19_734",4.28662474109175
"987","wellbore_chev_no_19_735",4.26204525664881
"988","wellbore_chev_no_19_736",4.25922846666691
"989","wellbore_chev_no_19_737",4.30387934587354
"990","wellbore_chev_no_19_738",4.30047413614106
"991","wellbore_chev_no_19_739",4.3246356386528
"992","wellbore_chev_no_19_740",4.2611885609937
"993","wellbore_chev_no_19_741",4.29775382241259
"994","wellbore_chev_no_19_742",4.3249497834851
"995","wellbore_chev_no_19_743",4.36111550575636
"996","wellbore_chev_no_19_744",4.32615298931525
"997","wellbore_chev_no_19_745",4.30988613349034
"998","wellbore_chev_no_19_746",4.31000409789435
"999","wellbore_chev_no_19_747",4.33459556968993
"1000","wellbore_chev_no_19_748",4.31544166665249
"1001","wellbore_chev_no_19_749",4.25232808190364
"1002","wellbore_chev_no_19_750",4.23835884454214
"1003","wellbore_chev_no_19_751",4.24168739118723
"1004","wellbore_chev_no_19_752",4.2548428735825
"1005","wellbore_chev_no_19_753",4.26118423060059
"1006","wellbore_chev_no_19_754",4.28874990792605
"1007","wellbore_chev_no_19_755",4.31313335363307
"1008","wellbore_chev_no_19_756",4.3262343400422
"1009","wellbore_chev_no_19_757",4.3246238398574
"1010","wellbore_chev_no_19_758",4.31254202678385
"1011","wellbore_chev_no_19_759",4.33993161922367
"1012","wellbore_chev_no_19_760",4.35125152278991
"1013","wellbore_chev_no_19_761",4.35353447269123
"1014","wellbore_chev_no_19_762",4.25449165001186
"1015","wellbore_chev_no_19_763",4.29880589208397
"1016","wellbore_chev_no_19_764",4.29881944310042
"1017","wellbore_chev_no_19_765",4.31846910580718
"1018","wellbore_chev_no_19_766",4.27669647844023
"1019","wellbore_chev_no_19_767",4.17525985377768
"1020","wellbore_chev_no_19_768",4.25554153858049
"1021","wellbore_chev_no_19_769",4.2930951983278
"1022","wellbore_chev_no_19_770",4.28893857769833
"1023","wellbore_chev_no_19_771",4.24898115287038
"1024","wellbore_chev_no_19_772",4.28294617242648
"1025","wellbore_chev_no_19_773",4.29341902265212
"1026","wellbore_chev_no_19_774",4.16950470537788
"1027","wellbore_chev_no_19_775",4.06255781138739
"1028","wellbore_chev_no_19_776",4.17877078673563
"1029","wellbore_chev_no_19_777",4.23100184495726
"1030","wellbore_chev_no_19_778",4.24321765073966
"1031","wellbore_chev_no_19_779",4.24280446003345
"1032","wellbore_chev_no_19_780",4.15841330356392
"1033","wellbore_chev_no_19_781",4.23586335304984
"1034","wellbore_chev_no_19_782",4.25409699138385
"1035","wellbore_chev_no_19_783",4.28522819641589
"1036","wellbore_chev_no_19_784",4.27131396429321
"1037","wellbore_chev_no_19_785",4.22603723967506
"1038","wellbore_chev_no_19_786",4.18178216994026
"1039","wellbore_chev_no_19_787",4.25094650556487
"1040","wellbore_chev_no_19_788",4.27751465563708
"1041","wellbore_chev_no_19_789",4.25444661518395
"1042","wellbore_chev_no_19_790",4.24488087288304
"1043","wellbore_chev_no_19_791",4.23988184265887
"1044","wellbore_chev_no_19_792",4.33713282412886
"1045","wellbore_chev_no_19_793",4.30869782211639
"1046","wellbore_chev_no_19_794",4.28404958691579
"1047","wellbore_chev_no_19_795",4.30802037350327
"1048","wellbore_chev_no_19_796",4.31734978585255
"1049","wellbore_chev_no_19_797",4.2275307041826
"1050","wellbore_chev_no_19_798",4.31365858337111
"1051","wellbore_chev_no_19_799",4.32909747340015
"1052","wellbore_chev_no_19_800",4.338797323978
"1053","wellbore_chev_no_19_801",4.34605604299457
"1054","wellbore_chev_no_19_802",4.20734318158439
"1055","wellbore_chev_no_19_803",4.26371123855624
"1056","wellbore_chev_no_19_804",4.24986473260381
"1057","wellbore_chev_no_19_805",4.13839858848647
"1058","wellbore_chev_no_19_806",4.15130982059045
"1059","wellbore_chev_no_19_807",4.21675235311478
"1060","wellbore_chev_no_19_808",4.19788961465739
"1061","wellbore_chev_no_19_809",4.2032766819216
"1062","wellbore_chev_no_19_810",4.24205175011248
"1063","wellbore_chev_no_19_811",4.09763653365263
"1064","wellbore_chev_no_19_812",4.27044981684506
"1065","wellbore_chev_no_19_813",4.29159691373745
"1066","wellbore_chev_no_19_814",4.27667446403256
"1067","wellbore_chev_no_19_815",4.16509504116411
"1068","wellbore_chev_no_19_816",4.15835269380424
"1069","wellbore_chev_no_19_817",4.16435774208224
"1070","wellbore_chev_no_7_277",3.80870294196534
"1071","wellbore_chev_no_7_278",3.66269973718801
"1072","wellbore_chev_no_7_279",3.93994233792155
"1073","wellbore_chev_no_7_280",4.0466104832398
"1074","wellbore_chev_no_7_281",3.64872615417316
"1075","wellbore_chev_no_7_282",3.86084562611421
"1076","wellbore_chev_no_7_283",4.11316700888841
"1077","wellbore_chev_no_7_284",4.17764020964014
"1078","wellbore_chev_no_7_285",4.16592816745161
"1079","wellbore_chev_no_7_286",4.3726227954449
"1080","wellbore_chev_no_7_287",4.37126033844672
"1081","wellbore_chev_no_7_288",4.33751863094981
"1082","wellbore_chev_no_7_289",4.3433660403579
"1083","wellbore_chev_no_7_290",4.35207289004061
"1084","wellbore_chev_no_7_291",4.35355204229171
"1085","wellbore_chev_no_7_292",4.37566817726758
"1086","wellbore_chev_no_7_293",4.38254403294395
"1087","wellbore_chev_no_7_294",4.34839957850999
"1088","wellbore_chev_no_7_295",4.30219936661565
"1089","wellbore_chev_no_7_296",4.19015789746225
"1090","wellbore_chev_no_7_297",4.18471790527799
"1091","wellbore_chev_no_7_298",4.173890178436
"1092","wellbore_chev_no_7_299",4.17442313479775
"1093","wellbore_chev_no_7_300",4.09675155005088
"1094","wellbore_chev_no_7_301",4.10321214469599
"1095","wellbore_chev_no_7_302",4.10348775847623
"1096","wellbore_chev_no_7_303",4.07546080683061
"1097","wellbore_chev_no_7_304",4.10431265485841
"1098","wellbore_chev_no_7_305",4.04616671524305
"1099","wellbore_chev_no_7_306",4.07400623366606
"1100","wellbore_chev_no_7_307",4.05767967237094
"1101","wellbore_chev_no_7_308",4.0894386072135
"1102","wellbore_chev_no_7_309",4.07656414868936
"1103","wellbore_chev_no_7_310",4.13183248512602
"1104","wellbore_chev_no_7_311",4.1400386943456
"1105","wellbore_chev_no_7_312",4.12919228177288
"1106","wellbore_chev_no_7_313",4.06360935413614
"1107","wellbore_chev_no_7_314",4.15049125872682
"1108","wellbore_chev_no_7_315",4.08502869239181
"1109","wellbore_chev_no_7_316",4.10726823468053
"1110","wellbore_chev_no_7_317",4.08785950077932
"1111","wellbore_chev_no_7_318",4.11807931220456
"1112","wellbore_chev_no_7_319",4.11648856847482
"1113","wellbore_chev_no_7_320",4.11293416298799
"1114","wellbore_chev_no_7_321",4.1054309808735
"1115","wellbore_chev_no_7_322",4.10189839997946
"1116","wellbore_chev_no_7_323",4.1388640245655
"1117","wellbore_chev_no_7_324",4.08792302677437
"1118","wellbore_chev_no_7_325",4.10006515933522
"1119","wellbore_chev_no_7_326",4.09747853789944
"1120","wellbore_chev_no_7_327",4.08526353033461
"1121","wellbore_chev_no_7_328",4.16071396507606
"1122","wellbore_chev_no_7_329",4.0608681280432
"1123","wellbore_chev_no_7_330",4.03811860026282
"1124","wellbore_chev_no_7_331",4.07638989973485
"1125","wellbore_chev_no_7_332",4.07995060473911
"1126","wellbore_chev_no_7_333",4.07554977232244
"1127","wellbore_chev_no_7_334",4.04238644963197
"1128","wellbore_chev_no_7_335",4.08034813615601
"1129","wellbore_chev_no_7_336",4.09727135506028
"1130","wellbore_chev_no_7_337",4.09354338095468
"1131","wellbore_chev_no_7_338",4.09104039972217
"1132","wellbore_chev_no_7_339",4.04201271651773
"1133","wellbore_chev_no_7_340",4.10793043715385
"1134","wellbore_chev_no_7_341",4.12199764390108
"1135","wellbore_chev_no_7_342",4.14198807249235
"1136","wellbore_chev_no_7_343",4.08222117795817
"1137","wellbore_chev_no_7_344",4.17252465646816
"1138","wellbore_chev_no_7_345",4.21135029135625
"1139","wellbore_chev_no_7_346",4.28248214743064
"1140","wellbore_chev_no_7_347",4.15051507678416
"1141","wellbore_chev_no_7_348",4.07577387487381
"1142","wellbore_chev_no_7_349",4.12001153214862
"1143","wellbore_chev_no_7_350",4.11489911437885
"1144","wellbore_chev_no_7_354",3.91022736043681
"1145","wellbore_chev_no_7_355",3.9643617034581
"1146","wellbore_chev_no_7_356",3.92319666943714
"1147","wellbore_chev_no_7_357",3.9753564957723
"1148","wellbore_chev_no_7_358",4.02936205118279
"1149","wellbore_chev_no_7_359",4.29933724529706
"1150","wellbore_chev_no_7_360",4.23978248482383
"1151","wellbore_chev_no_7_361",4.36612303028203
"1152","wellbore_chev_no_7_362",4.31087323018207
"1153","wellbore_chev_no_7_363",4.34820862716086
"1154","wellbore_chev_no_7_364",4.50674424740168
"1155","wellbore_chev_no_7_365",4.30321429004697
"1156","wellbore_chev_no_7_366",4.39441150454247
"1157","wellbore_chev_no_7_367",4.39324423289603
"1158","wellbore_chev_no_7_368",4.39327238371675
"1159","wellbore_chev_no_7_369",4.38121230972497
"1160","wellbore_chev_no_7_370",4.32537917501047
"1161","wellbore_chev_no_7_371",4.33876499561908
"1162","wellbore_chev_no_7_372",4.3288507229646
"1163","wellbore_chev_no_7_373",4.33342245789182
"1164","wellbore_chev_no_7_374",4.35818843234505
"1165","wellbore_chev_no_7_375",4.37215562203257
"1166","wellbore_chev_no_7_376",4.3727359583759
"1167","wellbore_chev_no_7_377",4.35949412613616
"1168","wellbore_chev_no_7_378",4.36073010142153
"1169","wellbore_chev_no_7_379",4.32303760109161
"1170","wellbore_chev_no_7_380",4.33386020209705
"1171","wellbore_chev_no_7_381",4.32849865868321
"1172","wellbore_chev_no_7_382",4.3186377759495
"1173","wellbore_chev_no_7_383",4.31729030237409
"1174","wellbore_chev_no_7_390",4.56551434604893
"1175","wellbore_chev_no_7_391",4.5660965813082
"1176","wellbore_chev_no_7_392",4.52768575796732
"1177","wellbore_chev_no_7_393",4.54439445440395
"1178","wellbore_chev_no_7_394",4.54546080080152
"1179","wellbore_chev_no_7_395",4.53728002479253
"1180","wellbore_chev_no_7_396",4.44488353819408
"1181","wellbore_chev_no_7_397",4.46254717508675
"1182","wellbore_chev_no_7_398",4.44840720729738
"1183","wellbore_chev_no_7_399",4.44318875123103
"1184","wellbore_chev_no_7_400",4.44211736832444
"1185","wellbore_chev_no_7_401",4.41232422681958
"1186","wellbore_chev_no_7_402",4.47349906638754
"1187","wellbore_chev_no_7_403",4.45097293787617
"1188","wellbore_chev_no_7_404",4.45530492826451
"1189","wellbore_chev_no_7_405",4.45720362718166
"1190","wellbore_chev_no_7_406",4.5565623725968
"1191","wellbore_chev_no_7_407",4.5565056967657
"1192","wellbore_chev_no_7_408",4.54208742089015
"1193","wellbore_chev_no_7_409",4.51339334555703
"1194","wellbore_chev_no_7_410",4.5056683673442
"1195","wellbore_chev_no_7_411",4.51886061174857
"1196","wellbore_chev_no_7_412",4.50297803129131
"1197","wellbore_chev_no_7_413",4.49870979269768
"1198","wellbore_chev_no_7_414",4.47284867557093
"1199","wellbore_chev_no_7_415",4.4569887729725
"1200","wellbore_chev_no_7_416",4.42498946469388
"1201","wellbore_chev_no_7_417",4.46278335825248
"1202","wellbore_chev_no_7_418",4.45391435974241
"1203","wellbore_chev_no_7_419",4.4109236455017
"1204","wellbore_chev_no_7_420",4.40861304111541
"1205","wellbore_chev_no_7_421",4.40372239102282
"1206","wellbore_chev_no_7_422",4.40061945726492
"1207","wellbore_chev_no_7_423",4.50520754249428
"1208","wellbore_chev_no_7_424",4.70001035125068
"1209","wellbore_chev_no_7_425",4.67563333019321
"1210","wellbore_chev_no_7_426",4.64100230843348
"1211","wellbore_chev_no_7_427",4.64226882834332
"1212","wellbore_chev_no_7_428",4.62731178267183
"1213","wellbore_chev_no_7_429",4.65602207973546
"1214","wellbore_chev_no_7_430",4.65400904377707
"1215","wellbore_chev_no_7_431",4.65639702934122
"1216","wellbore_chev_no_7_432",4.59711321491038
"1217","wellbore_chev_no_7_433",4.61855208276615
"1218","wellbore_chev_no_7_434",4.60654500037405
"1219","wellbore_chev_no_7_435",4.59678678444245
"1220","wellbore_chev_no_7_436",4.57931065447782
"1221","wellbore_chev_no_7_437",4.55830314846447
"1222","wellbore_chev_no_7_438",4.57024301812663
"1223","wellbore_chev_no_7_439",4.5759583871363
"1224","wellbore_chev_no_7_440",4.57115090871815
"1225","wellbore_chev_no_7_441",4.4862532590731
"1226","wellbore_chev_no_7_442",4.50342663327352
"1227","wellbore_chev_no_7_443",4.50411628284395
"1228","wellbore_chev_no_7_444",4.50660200466866
"1229","wellbore_chev_no_7_445",4.47436625217146
"1230","wellbore_chev_no_7_446",4.46717257369104
"1231","wellbore_chev_no_7_447",4.46536662021658
"1232","wellbore_chev_no_7_448",4.58723209538846
"1233","wellbore_chev_no_7_449",4.63652900527368
"1234","wellbore_chev_no_7_450",4.57008806104165
"1235","wellbore_chev_no_7_451",4.60067019046775
"1236","wellbore_chev_no_7_452",4.60410981668941
"1237","wellbore_chev_no_7_453",4.61176066555506
"1238","wellbore_chev_no_7_454",4.5803071589441
"1239","wellbore_chev_no_7_455",4.6111112371105
"1240","wellbore_chev_no_7_456",4.6099525714987
"1241","wellbore_chev_no_7_457",4.60885049502774
"1242","wellbore_chev_no_7_458",4.60674915274031
"1243","wellbore_chev_no_7_459",4.56841452134868
"1244","wellbore_chev_no_7_460",4.57233990259201
"1245","wellbore_chev_no_7_461",4.58510121256472
"1246","wellbore_chev_no_7_462",4.56926739692339
"1247","wellbore_chev_no_7_463",4.54931417237487
"1248","wellbore_chev_no_7_464",4.51403929322472
"1249","wellbore_chev_no_7_465",4.47873427033163
"1250","wellbore_chev_no_7_466",4.49684586368041
"1251","wellbore_chev_no_7_467",4.49436927809326
"1252","wellbore_chev_no_7_468",4.47315625144173
"1253","wellbore_chev_no_7_469",4.46495353977372
"1254","wellbore_chev_no_7_470",4.45576263394255
"1255","wellbore_chev_no_7_471",4.44409684558675
"1256","wellbore_chev_no_7_472",4.42268524965223
"1257","wellbore_chev_no_7_473",4.42385866888443
"1258","wellbore_chev_no_7_474",4.3811074417236
"1259","wellbore_chev_no_7_475",4.39641698246187
"1260","wellbore_chev_no_7_476",4.39461025613655
"1261","wellbore_chev_no_7_477",4.35866667241284
"1262","wellbore_chev_no_7_478",4.36987211856944
"1263","wellbore_chev_no_7_479",4.36153369387375
"1264","wellbore_chev_no_7_480",4.33818719959115
"1265","wellbore_chev_no_7_481",4.33768928106464
"1266","wellbore_chev_no_7_483",4.63336106275294
"1267","wellbore_chev_no_7_484",4.5991005541052
"1268","wellbore_chev_no_7_485",4.56276342452293
"1269","wellbore_chev_no_7_486",4.61086019888
"1270","wellbore_chev_no_7_487",4.59501392266127
"1271","wellbore_chev_no_7_488",4.56395833928843
"1272","wellbore_chev_no_7_489",4.58822321653703
"1273","wellbore_chev_no_7_490",4.55406697471263
"1274","wellbore_chev_no_7_491",4.57376526350035
"1275","wellbore_chev_no_7_492",4.58600495082271
"1276","wellbore_chev_no_7_493",4.58099590115316
"1277","wellbore_chev_no_7_494",4.57125700057945
"1278","wellbore_chev_no_7_495",4.59644192861682
"1279","wellbore_chev_no_7_496",4.60429791785331
"1280","wellbore_chev_no_7_497",4.60755829275206
"1281","wellbore_chev_no_7_498",4.60284286925981
"1282","wellbore_chev_no_7_499",4.55675086528089
"1283","wellbore_chev_no_7_500",4.57413348211253
"1284","wellbore_chev_no_7_501",4.65801641656107
"1285","wellbore_chev_no_7_502",4.66339544696492
"1286","wellbore_chev_no_7_503",4.64108632600756
"1287","wellbore_chev_no_7_504",4.63556680266237
"1288","wellbore_chev_no_7_505",4.62971913753779
"1289","wellbore_chev_no_7_506",4.62663330239683
"1290","wellbore_chev_no_7_507",4.6136877906417
"1291","wellbore_chev_no_7_508",4.58041514295777
"1292","wellbore_chev_no_7_509",4.63225013963381
"1293","wellbore_chev_no_7_510",4.6326793198179
"1294","wellbore_chev_no_7_511",4.59632107419281
"1295","wellbore_chev_no_7_512",4.58027829258531
"1296","wellbore_chev_no_7_513",4.57353072053691
"1297","wellbore_chev_no_7_514",4.583049466064
"1298","wellbore_chev_no_7_515",4.58458353893007
"1299","wellbore_chev_no_7_516",4.56151809677305
"1300","wellbore_chev_no_7_517",4.54090573930008
"1301","wellbore_chev_no_7_518",4.51410193282359
"1302","wellbore_chev_no_7_519",4.53808691538017
"1303","wellbore_chev_no_7_520",4.52900160621962
"1304","wellbore_chev_no_7_521",4.53802184511222
"1305","wellbore_chev_no_7_522",4.56462026670241
"1306","wellbore_chev_no_7_523",4.58389128210964
"1307","wellbore_chev_no_7_524",4.60505098498228
"1308","wellbore_chev_no_7_525",4.60434686582035
"1309","wellbore_chev_no_7_526",4.6287127280382
"1310","wellbore_chev_no_7_527",4.61240252409126
"1311","wellbore_chev_no_7_528",4.57939088261307
"1312","wellbore_chev_no_7_529",4.6099551163421
"1313","wellbore_chev_no_7_530",4.34625756730606
"1314","wellbore_chev_no_7_531",4.13048025445431
"1315","wellbore_chev_no_7_532",4.11158640151105
"1316","wellbore_chev_no_7_533",4.11838081793754
"1317","wellbore_chev_no_7_534",4.15173500628316
"1318","wellbore_chev_no_7_535",4.13561678731886
"1319","wellbore_chev_no_7_536",4.13692899474092
"1320","wellbore_chev_no_7_537",4.11284535362153
"1321","wellbore_chev_no_7_538",4.15607855759549
"1322","wellbore_chev_no_7_539",4.14508030947114
"1323","wellbore_chev_no_7_540",4.13821364117561
"1324","wellbore_chev_no_7_541",4.1373361604911
"1325","wellbore_chev_no_7_542",4.12737038180789
"1326","wellbore_chev_no_7_543",4.10765480400518
"1327","wellbore_chev_no_7_544",4.13478206113713
"1328","wellbore_chev_no_7_545",4.17148744302126
"1329","wellbore_chev_no_7_546",4.2346013054372
"1330","wellbore_chev_no_7_547",4.23474523923677
"1331","wellbore_chev_no_7_548",4.23030795255059
"1332","wellbore_chev_no_7_549",4.08761361680974
"1333","wellbore_chev_no_7_550",4.00278032471093
"1334","wellbore_chev_no_7_551",4.11065542849762
"1335","wellbore_chev_no_7_552",4.20138802933144
"1336","wellbore_chev_no_7_553",4.37621493136005
"1337","wellbore_chev_no_7_554",4.43835244415213
"1338","wellbore_chev_no_7_555",4.46175517352391
"1339","wellbore_chev_no_7_556",4.44098104198963
"1340","wellbore_chev_no_7_557",4.37303844120657
"1341","wellbore_chev_no_7_558",4.4335927503506
"1342","wellbore_chev_no_7_559",4.41834059634813
"1343","wellbore_chev_no_7_560",4.42765459596134
"1344","wellbore_chev_no_7_561",4.33525775119834
"1345","wellbore_chev_no_7_562",4.33015394483516
"1346","wellbore_chev_no_7_563",4.33535751560695
"1347","wellbore_chev_no_7_564",4.32410493119805
"1348","wellbore_chev_no_7_565",4.32184159065181
"1349","wellbore_chev_no_7_566",4.24324846919147
"1350","wellbore_chev_no_7_567",4.2938024063879
"1351","wellbore_chev_no_7_568",4.30431437315773
"1352","wellbore_chev_no_7_569",4.30652282808061
"1353","wellbore_chev_no_7_570",4.2416454865034
"1354","wellbore_chev_no_7_571",4.26094563919397
"1355","wellbore_chev_no_7_572",4.23752542671273
"1356","wellbore_chev_no_7_573",4.23934239391793
"1357","wellbore_chev_no_7_574",4.39546664529428
"1358","wellbore_chev_no_7_575",4.45795154537983
"1359","wellbore_chev_no_7_576",4.47355085136062
"1360","wellbore_chev_no_7_577",4.47070857389963
"1361","wellbore_chev_no_7_578",4.46804496662594
"1362","wellbore_chev_no_7_579",4.44252219178203
"1363","wellbore_chev_no_7_580",4.46955750703057
"1364","wellbore_chev_no_7_581",4.48283112335131
"1365","wellbore_chev_no_7_582",4.49701059139905
"1366","wellbore_chev_no_7_583",4.47313715916368
"1367","wellbore_chev_no_7_584",4.53312547580668
"1368","wellbore_chev_no_7_585",4.54992091240942
"1369","wellbore_chev_no_7_586",4.55513161907292
"1370","wellbore_chev_no_7_587",4.55110343694829
"1371","wellbore_chev_no_7_588",4.50441382861269
"1372","wellbore_chev_no_7_589",4.57282676363292
"1373","wellbore_chev_no_7_590",4.59713522653667
"1374","wellbore_chev_no_7_591",4.62659837947844
"1375","wellbore_chev_no_7_592",4.57181823528554
"1376","wellbore_chev_no_7_593",4.57811683338422
"1377","wellbore_chev_no_7_594",4.55997418771836
"1378","wellbore_chev_no_7_595",4.55837834470696
"1379","wellbore_chev_no_7_596",4.5658008484566
"1380","wellbore_chev_no_7_597",4.49450842855082
"1381","wellbore_chev_no_7_598",4.47387011323957
"1382","wellbore_chev_no_7_599",4.48520268613815
"1383","wellbore_chev_no_7_600",4.48657183872178
"1384","wellbore_chev_no_7_601",4.42789948503462
"1385","wellbore_chev_no_7_602",4.50205021941326
"1386","wellbore_chev_no_7_603",4.51534939816565
"1387","wellbore_chev_no_7_604",4.51510837170992
"1388","wellbore_chev_no_7_605",4.50804261351796
"1389","wellbore_chev_no_7_606",4.45906182966022
"1390","wellbore_chev_no_7_607",4.56562236998926
"1391","wellbore_chev_no_7_608",4.57054471638126
"1392","wellbore_chev_no_7_609",4.56622768868415
"1393","wellbore_chev_no_7_610",4.52369880656791
"1394","wellbore_chev_no_7_611",4.5668250721201
"1395","wellbore_chev_no_7_612",4.56770976721794
"1396","wellbore_chev_no_7_613",4.56403267187022
"1397","wellbore_chev_no_7_614",4.54030044221947
"1398","wellbore_chev_no_7_615",4.53519945133555
"1399","wellbore_chev_no_7_616",4.57509170960399
"1400","wellbore_chev_no_7_617",4.5732864009665
"1401","wellbore_chev_no_7_618",4.56623999427784
"1402","wellbore_chev_no_7_619",4.52660852338075
"1403","wellbore_chev_no_7_620",4.57783562828271
"1404","wellbore_chev_no_7_621",4.56458341440023
"1405","wellbore_chev_no_7_622",4.54559474260575
"1406","wellbore_chev_no_7_623",4.52290953288681
"1407","wellbore_chev_no_7_624",4.53179298775218
"1408","wellbore_chev_no_7_625",4.54860123807542
"1409","wellbore_chev_no_7_626",4.5515472255255
"1410","wellbore_chev_no_7_627",4.5499165785263
"1411","wellbore_chev_no_7_628",4.51132867732449
"1412","wellbore_chev_no_7_629",4.58554241993682
"1413","wellbore_chev_no_7_630",4.58836410171883
"1414","wellbore_chev_no_7_631",4.58491384684411
"1415","wellbore_chev_no_7_632",4.56842826898904
"1416","wellbore_chev_no_7_633",4.59104181340894
"1417","wellbore_chev_no_7_634",4.60277032071271
"1418","wellbore_chev_no_7_635",4.60220779290377
"1419","wellbore_chev_no_7_636",4.59693454249876
"1420","wellbore_chev_no_7_637",4.52042907204335
"1421","wellbore_chev_no_7_638",4.6165375874588
"1422","wellbore_chev_no_7_639",4.61568459855034
"1423","wellbore_chev_no_7_640",4.61485258960349
"1424","wellbore_chev_no_7_641",4.56330426731098
"1425","wellbore_chev_no_7_642",4.60306806953108
"1426","wellbore_chev_no_7_643",4.60396877650201
"1427","wellbore_chev_no_7_644",4.59113540871888
"1428","wellbore_chev_no_7_645",4.59754231615598
"1429","wellbore_chev_no_7_646",4.49682477006225
"1430","wellbore_chev_no_7_647",4.52374441801298
"1431","wellbore_chev_no_7_648",4.45868513883605
"1432","wellbore_chev_no_7_649",4.33984657226053
"1433","wellbore_chev_no_7_650",4.32136719613528
"1434","wellbore_chev_no_7_651",4.27663905856364
"1435","wellbore_chev_no_7_652",4.26892825172921
"1436","wellbore_chev_no_7_653",4.23006404900681
"1437","wellbore_chev_no_7_654",4.25339014611984
"1438","wellbore_chev_no_7_655",4.22153453367513
"1439","wellbore_chev_no_7_656",4.19263557666877
"1440","wellbore_chev_no_7_657",4.19676451377983
"1441","wellbore_chev_no_7_658",4.19316428782414
"1442","wellbore_chev_no_7_659",4.19257218540546
"1443","wellbore_chev_no_7_660",4.20106189263884
"1444","wellbore_chev_no_7_661",4.22167492908245
"1445","wellbore_chev_no_7_662",4.32918435170729
"1446","wellbore_chev_no_7_663",4.31045547819437
"1447","wellbore_chev_no_7_664",4.29700907437797
"1448","wellbore_chev_no_7_665",4.31154303305922
"1449","wellbore_chev_no_7_666",4.26394387781252
"1450","wellbore_chev_no_7_667",4.17173203023492
"1451","wellbore_chev_no_7_668",4.13940734268739
"1452","wellbore_chev_no_7_669",4.10120743153307
"1453","wellbore_chev_no_7_670",4.19709181097327
"1454","wellbore_chev_no_7_671",4.24540426881694
"1455","wellbore_chev_no_7_672",3.91395765621678
"1456","wellbore_chev_no_7_673",3.90329055655789
"1457","wellbore_chev_no_7_674",3.92943372474042
"1458","wellbore_chev_no_7_675",4.19914280875617
"1459","wellbore_chev_no_7_676",4.19508011754103
"1460","wellbore_chev_no_7_677",4.19536481415166
"1461","wellbore_chev_no_7_678",4.25866024338525
"1462","wellbore_chev_no_7_679",4.17846684115496
"1463","wellbore_chev_no_7_680",4.07079420495547
"1464","wellbore_chev_no_7_681",3.98312846344551
"1465","wellbore_chev_no_7_682",4.06257343610009
"1466","wellbore_chev_no_7_683",4.13866550284475
"1467","wellbore_chev_no_7_684",4.19877394541094
"1468","wellbore_chev_no_7_685",4.21551013610565
"1469","wellbore_chev_no_7_686",4.18210602584704
"1470","wellbore_chev_no_7_687",4.20995774279883
"1471","wellbore_chev_no_7_688",4.14289127051564
"1472","wellbore_chev_no_7_689",4.15956907650669
"1473","wellbore_chev_no_7_690",4.13152257858895
"1474","wellbore_chev_no_7_691",4.14196035091356
"1475","wellbore_chev_no_7_692",4.15896000005356
"1476","wellbore_chev_no_7_693",4.15001675598797
"1477","wellbore_chev_no_7_694",4.172269556058
"1478","wellbore_chev_no_7_695",4.17927155092719
"1479","wellbore_chev_no_7_696",4.14386890383364
"1480","wellbore_chev_no_7_697",4.1361882938346
"1481","wellbore_chev_no_7_698",4.1742838174739
"1482","wellbore_chev_no_7_699",4.19105365518691
"1483","wellbore_chev_no_7_700",4.14113636196682
"1484","wellbore_chev_no_7_701",4.16060849459939
"1485","wellbore_chev_no_7_702",4.20004930134605
"1486","wellbore_chev_no_7_703",4.15222131572685
"1487","wellbore_chev_no_7_704",4.18086888747044
"1488","wellbore_chev_no_7_705",4.14703474178924
"1489","wellbore_chev_no_7_706",4.15802545347983
"1490","wellbore_chev_no_7_707",4.15458905553585
"1491","wellbore_chev_no_7_708",4.16956196032823
"1492","wellbore_chev_no_7_709",4.16243591481063
"1493","wellbore_chev_no_7_710",4.16664321324827
"1494","wellbore_chev_no_7_711",4.15705276179838
"1495","wellbore_chev_no_7_712",4.18521530753091
"1496","wellbore_chev_no_7_713",4.14631012934303
"1497","wellbore_chev_no_7_714",4.15906246694241
"1498","wellbore_chev_no_7_715",4.11448288033127
"1499","wellbore_chev_no_7_716",4.09749424619455
"1500","wellbore_chev_no_7_717",4.13951170421952
"1501","wellbore_chev_no_7_718",4.15501851862796
"1502","wellbore_chev_no_7_719",4.15593156092089
"1503","wellbore_chev_no_7_720",4.16688156457422
"1504","wellbore_chev_no_7_721",4.16197022915782
"1505","wellbore_chev_no_7_722",4.13257716322944
"1506","wellbore_chev_no_7_723",4.15650865327076
"1507","wellbore_chev_no_7_724",4.12491450307811
"1508","wellbore_chev_no_7_725",4.13357167817593
"1509","wellbore_chev_no_7_726",4.2933631207201
"1510","wellbore_chev_no_7_727",4.26851351739445
"1511","wellbore_chev_no_7_728",4.27399999256471
"1512","wellbore_chev_no_7_729",4.23778226864524
"1513","wellbore_chev_no_7_730",4.1848765517595
"1514","wellbore_chev_no_7_731",4.17480851414377
"1515","wellbore_chev_no_7_732",4.15650788796589
"1516","wellbore_chev_no_7_733",4.15650721522607
"1517","wellbore_chev_no_7_734",4.16516364187283
"1518","wellbore_chev_no_7_735",4.16011204155078
"1519","wellbore_chev_no_7_736",4.15984781121982
"1520","wellbore_chev_no_7_737",4.15707901481751
"1521","wellbore_chev_no_7_738",4.15467362809848
"1522","wellbore_chev_no_7_739",4.13042177728859
"1523","wellbore_chev_no_7_740",4.15322022004234
"1524","wellbore_chev_no_7_741",4.18439785772606
"1525","wellbore_chev_no_7_742",4.17230356017859
"1526","wellbore_chev_no_7_743",4.18676321566928
"1527","wellbore_chev_no_7_744",4.17205686895993
"1528","wellbore_chev_no_7_745",4.16900747920443
"1529","wellbore_chev_no_7_746",4.16653006554646
"1530","wellbore_chev_no_7_747",4.15451732697951
"1531","wellbore_chev_no_7_748",4.17611258762392
"1532","wellbore_chev_no_7_749",4.19544309896944
"1533","wellbore_chev_no_7_750",4.14825637371701
"1534","wellbore_chev_no_7_751",4.21309910907333
"1535","wellbore_chev_no_7_752",4.20744381508811
"1536","wellbore_chev_no_7_753",4.21958040692342
"1537","wellbore_chev_no_7_754",4.2186092626993
"1538","wellbore_chev_no_7_755",4.27593190902459
"1539","wellbore_chev_no_7_756",4.2010468183728
"1540","wellbore_chev_no_7_757",4.20997382840233
"1541","wellbore_chev_no_7_758",4.20562799406207
"1542","wellbore_chev_no_7_759",4.16933061306541
"1543","wellbore_chev_no_7_760",4.16819450154214
"1544","wellbore_chev_no_7_761",4.16812418405569
"1545","wellbore_chev_no_7_762",4.14496915307645
"1546","wellbore_chev_no_7_763",4.13315915017956
"1547","wellbore_chev_no_7_764",4.24573836115584
"1548","wellbore_chev_no_7_765",4.21056906719541
"1549","wellbore_chev_no_7_766",4.15032554839846
"1550","wellbore_chev_no_7_767",4.18073000357134
"1551","wellbore_chev_no_7_768",4.19748295197364
"1552","wellbore_chev_no_7_769",4.21399028176104
"1553","wellbore_chev_no_7_770",4.19854608111221
"1554","wellbore_chev_no_7_771",4.1771678895379
"1555","wellbore_chev_no_7_772",4.16035076853591
"1556","wellbore_chev_no_7_773",4.24438805043505
"1557","wellbore_chev_no_7_774",4.16369726009658
"1558","wellbore_chev_no_7_775",4.14455478039353
"1559","wellbore_chev_no_7_776",4.13598792883644
"1560","wellbore_chev_no_7_777",4.13213597215577
"1561","wellbore_chev_no_7_778",4.10550549902965
"1562","wellbore_chev_no_7_779",4.25652816989951
"1563","wellbore_chev_no_7_780",4.16436373708679
"1564","wellbore_chev_no_7_781",4.11217244133784
"1565","wellbore_chev_no_7_782",4.10286302729163
"1566","wellbore_chev_no_7_783",4.09395087900238
"1567","wellbore_chev_no_7_784",4.11384147145709
